10512,
10515,
10531,
10557,
11427,
11510,
11641,
11846
12211,
12448,
12449,
12528,
13177
13257,
13264,
13265,
13277,
13281,
13466,
14002,
14646,
14913
15227,
15402
15633
16111,
17246,
19477,
19738,
19744,
19839,
19850
19968,
20156,
20460,
21102
21136
21185,
21350,
22438,
23057,
23637,
23669
23685,
23686,
23792,
23855,
23886
24032,
26095,
26266
26302,
26345,
26363,
26377,
27018,
27038,
27293,
27326,
27545,
27595,
27632,
27635,
27651,
27690,
27694,
27703,
27715
27747,
27756,
27775,
27827,
27859,
28328,
28393
28565,
28590,
28676,
28781,
28957,
29117,
29261,
29266
29283,
29383,
29403
29432,
29476,
29490,
29627,
29639,
3529,
6446,
8513, 