metric,ref_period,year,n_ref,n_year,mean_ref,mean_year,diff,t_value,p_raw,effect_size_d,p_fdr,significant
add_neg_conn_ratio,2020–2022,2023,3680,1796,0.0025785691727453555,0.0025184521158129174,-6.011705693243809e-05,0.41898543050376846,0.6752513240545266,-0.01199258557275417,,False
add_neg_conn_ratio,2020–2022,2024,3680,2447,0.0025785691727453555,0.0020150143149284252,-0.0005635548578169303,4.49560824099167,7.077328313371622e-06,-0.11607243323726199,,False
add_neg_conn_ratio,2020–2022,2025,3680,2143,0.0025785691727453555,0.002466565562295847,-0.00011200361044950849,0.8131583994293886,0.4161702011290116,-0.022073514541143317,,False
add_pos_conn_ratio,2020–2022,2023,3680,1796,0.043313786477325825,0.042748240534521156,-0.0005655459428046683,0.9736000063953073,0.33032006818929993,-0.027921927903790972,,False
add_pos_conn_ratio,2020–2022,2024,3680,2447,0.043313786477325825,0.044161038854805726,0.0008472523774799012,-1.5023976209142067,0.13305865878664355,0.039534153663212133,,False
add_pos_conn_ratio,2020–2022,2025,3680,2143,0.043313786477325825,0.049810317312179185,0.00649653083485336,-11.400170237683346,1.0988624960732506e-29,0.31132331161195903,,False
adj_arg_ovl,2020–2022,2023,3680,1796,1.6160752225553503,1.5465668318485524,-0.06950839070679793,1.7751688008580762,0.07595543736640416,-0.05109854925136147,,False
adj_arg_ovl,2020–2022,2024,3680,2447,1.6160752225553503,1.394606245398773,-0.2214689771565772,6.4174150112007196,1.5042045728008062e-10,-0.16660306033480596,,False
adj_arg_ovl,2020–2022,2025,3680,2143,1.6160752225553503,1.0579869295380306,-0.5580882930173197,17.18600077688964,1.8720936597745813e-64,-0.4532269607232687,,False
adj_cw_ovl,2020–2022,2023,3680,1796,1.8270620971563742,1.742022973273942,-0.08503912388243218,1.985579568509202,0.04715524184862995,-0.05695622124863483,,False
adj_cw_ovl,2020–2022,2024,3680,2447,1.8270620971563742,1.547634200408998,-0.2794278967473762,7.39908323904244,1.5783734122658156e-13,-0.19164528828256677,,False
adj_cw_ovl,2020–2022,2025,3680,2143,1.8270620971563742,1.1882387867475501,-0.6388233104088241,17.817204870415903,5.17955449005524e-69,-0.4693806477194145,,False
adj_stem_ovl,2020–2022,2023,3680,1796,2.309949605551189,2.178402288418708,-0.13154731713248058,2.685064873175144,0.007284122903809404,-0.07681153697107569,,False
adj_stem_ovl,2020–2022,2024,3680,2447,2.309949605551189,1.9307156523517381,-0.37923395319945064,8.721577374821397,3.583481440353352e-18,-0.22574353647311504,,False
adj_stem_ovl,2020–2022,2025,3680,2143,2.309949605551189,1.4962212599160059,-0.8137283456351829,19.818425505099572,2.0579016130021825e-84,-0.5208553255280353,,False
adjacent_refs,2020–2022,2023,3680,1796,0.09867291671653851,0.09007082405345211,-0.008602092663086397,0.7870683927245223,0.43128604553258787,-0.021915020759536597,,False
adjacent_refs,2020–2022,2024,3680,2447,0.09867291671653851,0.07455063803680981,-0.0241222786797287,2.543734440544342,0.010992040781348963,-0.06431816276103584,,False
adjacent_refs,2020–2022,2025,3680,2143,0.09867291671653851,0.04412592627158189,-0.05454699044495662,6.050229781270144,1.5366295864862874e-09,-0.1541095467634145,,False
adjective_ratio,2020–2022,2023,3680,1796,0.07308249837005404,0.07300284521158129,-7.965315847274779e-05,0.09323167352245992,0.9257246645154198,-0.002674421603604491,,False
adjective_ratio,2020–2022,2024,3680,2447,0.07308249837005404,0.073316163599182,0.00023366522912796062,-0.2765622444524027,0.7821281454154947,0.007298686236328822,,False
adjective_ratio,2020–2022,2025,3680,2143,0.07308249837005404,0.0853354129724685,0.012252914602414455,-13.978283922563431,2.0643797859321654e-43,0.3851232034398899,,False
adjectives_ambiguity,2020–2022,2023,3680,1796,2.550344799833729,2.488252783964365,-0.06209201586936386,1.5061156709946086,0.13211950360233998,-0.04270215750661906,,False
adjectives_ambiguity,2020–2022,2024,3680,2447,2.550344799833729,2.2596987034764826,-0.29064609635724636,7.669774564503203,2.0252364099068235e-14,-0.19859611493604878,,False
adjectives_ambiguity,2020–2022,2025,3680,2143,2.550344799833729,2.310492683154456,-0.23985211667927286,6.3949927076130475,1.7503000426700435e-10,-0.17015304826323832,,False
adverbs,2020–2022,2023,3680,1796,0.018016713984260607,0.017244270601336303,-0.0007724433829243045,1.5803646635379367,0.11411886217811835,-0.04612673016097892,,False
adverbs,2020–2022,2024,3680,2447,0.018016713984260607,0.021892588957055214,0.0038758749727946067,-5.2498808396228265,1.622173801039852e-07,0.14545865864160776,,False
adverbs,2020–2022,2025,3680,2143,0.018016713984260607,0.015420802613159122,-0.0025959113711014857,4.911215647604462,9.456199411793147e-07,-0.13814265416703278,,False
adverbs_ambiguity,2020–2022,2023,3680,1796,1.9995833340719062,1.8769210077951004,-0.12266232627680584,1.910755889419736,0.05611715864146325,-0.05512726981398736,,False
adverbs_ambiguity,2020–2022,2024,3680,2447,1.9995833340719062,1.8021559304703476,-0.19742740360155864,3.423181234815643,0.0006236714558696566,-0.0892990496002068,,False
adverbs_ambiguity,2020–2022,2025,3680,2143,1.9995833340719062,1.9695052123191785,-0.030078121752727727,0.4665097654558013,0.6408754591837902,-0.012855567798657343,,False
anaphoric_refs,2020–2022,2023,3680,1796,0.1964936263238901,0.18706698218262804,-0.00942664414126207,0.4767220027469586,0.6335869041303782,-0.013492941778231899,,False
anaphoric_refs,2020–2022,2024,3680,2447,0.1964936263238901,0.14430135378323108,-0.05219227254065903,3.154879922345736,0.0016135706328219783,-0.08010738603473216,,False
anaphoric_refs,2020–2022,2025,3680,2143,0.1964936263238901,0.08843852543163788,-0.10805510089225223,7.100161216533096,1.3949173456822402e-12,-0.1801146728665825,,False
and_ratio,2020–2022,2023,3680,1796,0.030203230340919193,0.030587410913140312,0.00038418057222111904,-0.8123147277304208,0.4166665788624573,0.02348146289191929,,False
and_ratio,2020–2022,2024,3680,2447,0.030203230340919193,0.03268640490797546,0.0024831745670562677,-5.4152343634481985,6.422419480099453e-08,0.14312823576327252,,False
and_ratio,2020–2022,2025,3680,2143,0.030203230340919193,0.0382720671955203,0.008068836854601108,-17.003569696834532,1.0845549146268587e-62,0.46914992191273885,,False
arg_ovl,2020–2022,2023,3680,1796,1.5053492327385856,1.4609556570155904,-0.04439357572299518,1.2487706421454818,0.2118295839105824,-0.03581921773431405,,False
arg_ovl,2020–2022,2024,3680,2447,1.5053492327385856,1.3578700695296524,-0.14747916320893317,4.676700272145918,2.9856589311250918e-06,-0.1212574089535417,,False
arg_ovl,2020–2022,2025,3680,2143,1.5053492327385856,1.056612057862809,-0.44873717487577647,15.432156039708119,1.2818405918298758e-52,-0.4040749616146097,,False
brunet,2020–2022,2023,3680,1796,9.98802516788844,9.904436391982184,-0.08358877590625546,3.7508103097344616,0.00017887995777676784,-0.10652997771627978,,False
brunet,2020–2022,2024,3680,2447,9.98802516788844,9.590457304703476,-0.39756786318496395,12.752346431931155,1.8731431211016323e-36,-0.34865910289630303,,False
brunet,2020–2022,2025,3680,2143,9.98802516788844,9.768515310312646,-0.2195098575757939,9.242907653331509,3.759790047607086e-20,-0.254697450476368,,False
cau_neg_conn_ratio,2020–2022,2023,3680,1796,0.001102964867222345,0.0013051280623608017,0.0002021631951384566,-2.1845607996534477,0.02899248906183632,0.06403216601923717,,False
cau_neg_conn_ratio,2020–2022,2024,3680,2447,0.001102964867222345,0.0011703271983640082,6.73623311416632e-05,-0.838065338162673,0.40203369973701186,0.021976782705879237,,False
cau_neg_conn_ratio,2020–2022,2025,3680,2143,0.001102964867222345,0.0014565748950069995,0.00035361002778465443,-3.977534241543663,7.08671277025799e-05,0.1100383358484892,,False
cau_pos_conn_ratio,2020–2022,2023,3680,1796,0.04534366139640383,0.04652275055679287,0.0011790891603890435,-2.08516238263902,0.037124232802130036,0.05979283080444454,,False
cau_pos_conn_ratio,2020–2022,2024,3680,2447,0.04534366139640383,0.04274397546012269,-0.0025996859362811334,4.853084024083724,1.2520683158905382e-06,-0.1272069222311176,,False
cau_pos_conn_ratio,2020–2022,2025,3680,2143,0.04534366139640383,0.042667508166122255,-0.002676153230281572,5.223505225878853,1.8297120531899653e-07,-0.14022295414805894,,False
conn_ratio,2020–2022,2023,3680,1796,0.08610865833216777,0.08757275055679288,0.0014640922246251104,-2.0121806499117856,0.04427266892094279,0.057405378747245994,,False
conn_ratio,2020–2022,2024,3680,2447,0.08610865833216777,0.08454503476482617,-0.0015636235673416043,2.06430801517284,0.03904394725275079,-0.05471975899515311,,False
conn_ratio,2020–2022,2025,3680,2143,0.08610865833216777,0.09029568362109193,0.004187025288924159,-5.9362080952079594,3.135078318536893e-09,0.16105329089399265,,False
content_density,2020–2022,2023,3680,1796,1.483962250627612,1.4804001336302894,-0.003562116997322562,0.44037586778525944,0.6596841688352832,-0.011830220396509512,,False
content_density,2020–2022,2024,3680,2447,1.483962250627612,1.5369453251533742,0.05298307452576223,-6.849133895950067,8.158924874387154e-12,0.17272113749889242,,False
content_density,2020–2022,2025,3680,2143,1.483962250627612,1.624704988334111,0.14074273770649892,-16.965374844489755,6.303534810215208e-63,0.4455724947568001,,False
content_words,2020–2022,2023,3680,1796,0.5928423151273291,0.5934950501113585,0.0006527349840294017,-0.6234925071085199,0.532998541215445,0.017741136159317744,,False
content_words,2020–2022,2024,3680,2447,0.5928423151273291,0.6022126748466258,0.009370359719296673,-9.62176541193384,9.700816447704982e-22,0.25023769580597116,,False
content_words,2020–2022,2025,3680,2143,0.5928423151273291,0.6151726271581895,0.022330312030860444,-21.870060296161807,6.813999865295263e-101,0.5929021596361357,,False
cross_entropy,2020–2022,2023,3680,1796,0.5064313702145963,0.4954285467706014,-0.011002823443994891,5.477730026067071,4.55606002782386e-08,-0.15215584651676542,,False
cross_entropy,2020–2022,2024,3680,2447,0.5064313702145963,0.5100630388548058,0.0036316686402094733,-1.6929808645428668,0.09052119273014701,0.044430517295911486,,False
cross_entropy,2020–2022,2025,3680,2143,0.5064313702145963,0.5152692113859075,0.008837841171311256,-4.538710328397631,5.790223040467575e-06,0.12056995290600572,,False
cw_freq,2020–2022,2023,3680,1796,458579.61400023807,459366.23483413697,786.6208338988945,-0.06090040739242952,0.9514419814513722,0.001756768477738989,,False
cw_freq,2020–2022,2024,3680,2447,458579.61400023807,475524.8024935542,16945.18849331612,-1.441920618965288,0.149385396249888,0.03768980994304024,,False
cw_freq,2020–2022,2025,3680,2143,458579.61400023807,411623.09839574894,-46956.515604489134,4.033007256328054,5.5940258685310555e-05,-0.10870408536722061,,False
cw_freq_bra,2020–2022,2023,3680,1796,4.565429700683053,4.614279749443208,0.04885004876015486,-5.375605023099786,8.043682827583626e-08,0.14957848152098593,,False
cw_freq_bra,2020–2022,2024,3680,2447,4.565429700683053,4.608641435582822,0.04321173489976893,-4.803464214440619,1.601310566681214e-06,0.12459380912878706,,False
cw_freq_bra,2020–2022,2025,3680,2143,4.565429700683053,4.485482855809612,-0.07994684487344106,8.933707916570159,5.705812596720345e-19,-0.23854282708661956,,False
cw_freq_brwac,2020–2022,2023,3680,1796,4.205085095601739,4.260556397550112,0.0554713019483728,-5.26498617136966,1.4737412073423878e-07,0.14740723647692688,,False
cw_freq_brwac,2020–2022,2024,3680,2447,4.205085095601739,4.2553053128834355,0.05022021728169612,-4.6343843175545025,3.6695083409636583e-06,0.12140457617124849,,False
cw_freq_brwac,2020–2022,2025,3680,2143,4.205085095601739,4.119748782081194,-0.08533631352054538,8.3106071206015,1.2205653805351977e-16,-0.2224346508326586,,False
dep_distance,2020–2022,2023,3680,1796,62.84427358473148,58.3010504844098,-4.543223100321683,5.469464423134326,4.747497038496963e-08,-0.14870547633381578,,False
dep_distance,2020–2022,2024,3680,2447,62.84427358473148,56.40890779141103,-6.43536579332045,8.294691063229386,1.3285793568603287e-16,-0.20969376366750403,,False
dep_distance,2020–2022,2025,3680,2143,62.84427358473148,56.03850985067662,-6.805763734054864,9.241763222765801,3.3322212121872395e-20,-0.23522880255580186,,False
flesch,2020–2022,2023,3680,1796,10.135473771167206,10.440688786191537,0.3052150150243307,-0.7270443722325399,0.4672452106843398,0.020811732201953682,,False
flesch,2020–2022,2024,3680,2447,10.135473771167206,9.586538715746423,-0.5489350554207828,1.1764098791768844,0.23949680491683117,-0.03150522513863298,,False
flesch,2020–2022,2025,3680,2143,10.135473771167206,4.022521661222585,-6.1129521099446205,14.046629758822718,8.290030897305389e-44,-0.38717031668020774,,False
frazier,2020–2022,2023,3680,1796,7.234028732145239,7.185864716035636,-0.0481640161096033,2.386377470715097,0.017067382428458917,-0.06873457008925116,,False
frazier,2020–2022,2024,3680,2447,7.234028732145239,7.107640768916155,-0.1263879632290843,6.357733806039215,2.239939070883683e-10,-0.16807501879564396,,False
frazier,2020–2022,2025,3680,2143,7.234028732145239,7.171979006066262,-0.06204972607897741,3.190452732876548,0.0014306006565020883,-0.08710552656727684,,False
freq_bra,2020–2022,2023,3680,1796,5.527321536296823,5.558114181514476,0.030792645217653458,-4.584075499835128,4.698128504245062e-06,0.12880568382295646,,False
freq_bra,2020–2022,2024,3680,2447,5.527321536296823,5.539100556237218,0.011779019940395763,-1.9493752294067574,0.05129881549201296,0.04997392252420133,,False
freq_bra,2020–2022,2025,3680,2143,5.527321536296823,5.441191404573029,-0.08613013172379347,12.984882569815028,6.569536203642294e-38,-0.3495566915301953,,False
freq_brwac,2020–2022,2023,3680,1796,5.282336330226613,5.319580194877505,0.037243864650892355,-4.520160037814009,6.3548280576917135e-06,0.1267653822658909,,False
freq_brwac,2020–2022,2024,3680,2447,5.282336330226613,5.301809333333333,0.019473003106719844,-2.5225333512702055,0.01167874169052102,0.06508922205264284,,False
freq_brwac,2020–2022,2025,3680,2143,5.282336330226613,5.194033789080727,-0.08830254114588598,10.942517195356132,1.5164357376900976e-27,-0.29359169947631186,,False
function_words,2020–2022,2023,3680,1796,0.4071576848726708,0.40650494988864144,-0.0006527349840293462,0.6234925071084668,0.5329985412154798,-0.017741136159316235,,False
function_words,2020–2022,2024,3680,2447,0.4071576848726708,0.3977922126789366,-0.009365472193734181,9.61590497037136,1.0259942370376892e-21,-0.25008905534084014,,False
function_words,2020–2022,2025,3680,2143,0.4071576848726708,0.38482737284181057,-0.022330312030860222,21.87006029616159,6.81399986532457e-101,-0.5929021596361299,,False
honore,2020–2022,2023,3680,1796,1016.9097362795704,1008.9002684855235,-8.009467794046941,0.9445126013056765,0.3449651483834577,-0.02661145548635545,,False
honore,2020–2022,2024,3680,2447,1016.9097362795704,1010.9131967770962,-5.9965395024742065,0.6470259050102516,0.5176473014398228,-0.0171600172383331,,False
honore,2020–2022,2025,3680,2143,1016.9097362795704,1139.2362842603827,122.32654798081228,-12.947517799292278,1.3559299188804164e-37,0.3578300093659794,,False
hypernyms_verbs,2020–2022,2023,3680,1796,0.6929707644417755,0.7266235022271714,0.0336527377853959,-3.7032605525029156,0.00021597540358089673,0.10596780376461923,,False
hypernyms_verbs,2020–2022,2024,3680,2447,0.6929707644417755,0.737301509202454,0.04433074476067844,-4.946215591088806,7.821261350286896e-07,0.13029829902738113,,False
hypernyms_verbs,2020–2022,2025,3680,2143,0.6929707644417755,0.8173052309846011,0.12433446654282554,-13.912472513493535,4.3493712975248476e-43,0.379465123845632,,False
if_ratio,2020–2022,2023,3680,1796,0.00032850267071845603,0.00030732182628062356,-2.1180844437832468e-05,0.3948898882816552,0.692947451757207,-0.011333818600238629,,False
if_ratio,2020–2022,2024,3680,2447,0.00032850267071845603,0.00023584867075664623,-9.26539999618098e-05,2.065994898906964,0.038873470781268044,-0.05300430781530856,,False
if_ratio,2020–2022,2025,3680,2143,0.00032850267071845603,0.00017462435837610826,-0.00015387831234234777,3.7445478009454556,0.00018249103899376496,-0.09634330276510163,,False
log_neg_conn_ratio,2020–2022,2023,3680,1796,0.002509730834966557,0.0026121714922049,0.00010244065723834283,-0.7173116142897523,0.47322993704147276,0.020734478194796062,,False
log_neg_conn_ratio,2020–2022,2024,3680,2447,0.002509730834966557,0.0021051574642126786,-0.00040457337075387864,3.311327424930085,0.0009345487912971717,-0.08576444773707033,,False
log_neg_conn_ratio,2020–2022,2025,3680,2143,0.002509730834966557,0.0025424685020998604,3.273766713330316e-05,-0.244903171553004,0.8065427434959964,0.006666049232234819,,False
log_pos_conn_ratio,2020–2022,2023,3680,1796,0.03384873632564804,0.03450388084632516,0.0006551445206771228,-1.3041303470255063,0.1922704759707555,0.03728107268120792,,False
log_pos_conn_ratio,2020–2022,2024,3680,2447,0.03384873632564804,0.03253308384458078,-0.001315652481067263,2.818870423094859,0.004837346711543638,-0.0735112517318079,,False
log_pos_conn_ratio,2020–2022,2025,3680,2143,0.03384873632564804,0.03133384041063929,-0.0025148959150087524,5.506005516629314,3.859259860371404e-08,-0.14752900151621504,,False
logic_operators,2020–2022,2023,3680,1796,0.03391654291498901,0.034525250556792876,0.000608707641803867,-1.1851615695736866,0.23603854197235566,0.03458760372164374,,False
logic_operators,2020–2022,2024,3680,2447,0.03391654291498901,0.04252245807770961,0.0086059151627206,-12.338967420187908,3.0209419192299853e-34,0.3394264753796876,,False
logic_operators,2020–2022,2025,3680,2143,0.03391654291498901,0.0426352356509566,0.008718692735967593,-15.745147418631042,4.579938982827045e-54,0.4426395149573853,,False
lsa_adj_mean,2020–2022,2023,3680,1796,0.8364464991537862,0.8371653062360802,0.0007188070822939929,-0.22009845206409098,0.8258065207380316,0.006278563671299943,,False
lsa_adj_mean,2020–2022,2024,3680,2447,0.8364464991537862,0.8010767034764826,-0.035369795677303584,8.090031709143755,8.048234068595048e-16,-0.22064619856070455,,False
lsa_adj_mean,2020–2022,2025,3680,2143,0.8364464991537862,0.8255031731217919,-0.010943326031994327,3.361491919103188,0.0007818907839208127,-0.09172069633799916,,False
lsa_adj_std,2020–2022,2023,3680,1796,0.03861037459433978,0.03589353006681515,-0.002716844527524631,2.7291532831675336,0.00637887638359341,-0.07753609577283987,,False
lsa_adj_std,2020–2022,2024,3680,2447,0.03861037459433978,0.035334985685071575,-0.0032753889092682065,3.4906792690778397,0.00048571923069998246,-0.09090057176264535,,False
lsa_adj_std,2020–2022,2025,3680,2143,0.03861037459433978,0.03861502099860009,4.646404260309767e-06,-0.005106612796323674,0.9959257349215305,0.00013626397852274479,,False
lsa_all_mean,2020–2022,2023,3680,1796,0.8298152986200594,0.8318586135857462,0.002043314965686771,-0.6323154162838643,0.5272193454143537,0.018020559779937998,,False
lsa_all_mean,2020–2022,2024,3680,2447,0.8298152986200594,0.7972472474437627,-0.032568051176296686,7.505222041798386,7.666278316000812e-14,-0.20468879228610906,,False
lsa_all_mean,2020–2022,2025,3680,2143,0.8298152986200594,0.8215816658889409,-0.008233632731118545,2.548353077201269,0.010857226081193033,-0.06952695320875843,,False
lsa_all_std,2020–2022,2023,3680,1796,0.04497646314501611,0.04276249443207128,-0.002213968712944832,2.2292585583635955,0.025857020772927362,-0.06379860543870407,,False
lsa_all_std,2020–2022,2024,3680,2447,0.04497646314501611,0.04190521881390593,-0.0030712443311101817,3.324080937057958,0.0008932246445863574,-0.08676649426687723,,False
lsa_all_std,2020–2022,2025,3680,2143,0.04497646314501611,0.04495612692487167,-2.0336220144440142e-05,0.022328726496456362,0.9821866651323188,-0.0006000296544958833,,False
lsa_givenness_mean,2020–2022,2023,3680,1796,0.8617396338681964,0.8626115144766147,0.0008718806084182518,-0.27334614509984473,0.784602113103696,0.00778133696465735,,False
lsa_givenness_mean,2020–2022,2024,3680,2447,0.8617396338681964,0.8268025112474436,-0.03493712262075277,7.932462663269118,2.849195720688036e-15,-0.21679265439301829,,False
lsa_givenness_mean,2020–2022,2025,3680,2143,0.8617396338681964,0.8553747223518432,-0.006364911516353211,1.9728865732894367,0.04857204019465159,-0.053906285560719025,,False
lsa_givenness_std,2020–2022,2023,3680,1796,0.03962253079406906,0.038660144766146994,-0.0009623860279220631,1.0074057771136726,0.31380867304068544,-0.029030396806092273,,False
lsa_givenness_std,2020–2022,2024,3680,2447,0.03962253079406906,0.037832,-0.001790530794069059,2.0578250312134574,0.03965683375891956,-0.05376243113647305,,False
lsa_givenness_std,2020–2022,2025,3680,2143,0.03962253079406906,0.04046822678488101,0.0008456959908119538,-0.9880279240024178,0.3231891452390745,0.02657100827124049,,False
lsa_paragraph_mean,2020–2022,2023,3680,1796,0.0,0.0,0.0,,,,,False
lsa_paragraph_mean,2020–2022,2024,3680,2447,0.0,0.0,0.0,,,,,False
lsa_paragraph_mean,2020–2022,2025,3680,2143,0.0,0.0,0.0,,,,,False
lsa_paragraph_std,2020–2022,2023,3680,1796,0.0,0.0,0.0,,,,,False
lsa_paragraph_std,2020–2022,2024,3680,2447,0.0,0.0,0.0,,,,,False
lsa_paragraph_std,2020–2022,2025,3680,2143,0.0,0.0,0.0,,,,,False
lsa_span_mean,2020–2022,2023,3680,1796,0.8680107813551232,0.8683119042316257,0.00030112287650252423,-0.09432834173372473,0.9248533488776935,0.0026853905740736447,,False
lsa_span_mean,2020–2022,2024,3680,2447,0.8680107813551232,0.8323244826175868,-0.03568629873753637,8.074392791033853,9.183645662481308e-16,-0.220725857659104,,False
lsa_span_mean,2020–2022,2025,3680,2143,0.8680107813551232,0.8616450069995333,-0.006365774355589937,1.9712507525483478,0.04875885097466893,-0.0538653035030735,,False
lsa_span_std,2020–2022,2023,3680,1796,0.04044626537719251,0.039510361915367484,-0.0009359034618250245,0.9779630492483277,0.3281596229756616,-0.028197562491814387,,False
lsa_span_std,2020–2022,2024,3680,2447,0.04044626537719251,0.03877759100204498,-0.001668674375147526,1.9239199027575011,0.05441914957074789,-0.050241005606301715,,False
lsa_span_std,2020–2022,2025,3680,2143,0.04044626537719251,0.04121044330377975,0.0007641779265872423,-0.907864855118702,0.3639945874757281,0.024324535724573774,,False
min_cw_freq,2020–2022,2023,3680,1796,1353.3065075355594,1519.3342924331846,166.02778489762522,-1.0693366488062477,0.28496515467009825,0.02730209120722053,,False
min_cw_freq,2020–2022,2024,3680,2447,1353.3065075355594,3524.1539695664624,2170.847462030903,-8.309612576282703,1.3040646366358436e-16,0.22445880898145576,,False
min_cw_freq,2020–2022,2025,3680,2143,1353.3065075355594,1685.5118178581429,332.2053103225835,-1.7725699137472117,0.07635868387145793,0.046913305603268333,,False
min_cw_freq_bra,2020–2022,2023,3680,1796,1.9194198825193887,2.083457438752784,0.16403755623339533,-5.880603209144705,4.4502151768317e-09,0.16804772640653867,,False
min_cw_freq_bra,2020–2022,2024,3680,2447,1.9194198825193887,2.127485186094069,0.20806530357468045,-7.572800557460263,4.337427617884809e-14,0.19929868520829827,,False
min_cw_freq_bra,2020–2022,2025,3680,2143,1.9194198825193887,1.9184399393373777,-0.0009799431820110005,0.03750535589213113,0.970083666191589,-0.0010113879614498805,,False
min_cw_freq_brwac,2020–2022,2023,3680,1796,1.5139777564825907,1.6622928674832964,0.1483151110007057,-6.049864521884096,1.595466513658135e-09,0.17322566856739252,,False
min_cw_freq_brwac,2020–2022,2024,3680,2447,1.5139777564825907,1.7358982044989775,0.22192044801638677,-9.046854361178504,2.0978863344977727e-19,0.23891938250030953,,False
min_cw_freq_brwac,2020–2022,2025,3680,2143,1.5139777564825907,1.5452111665888941,0.031233410106303428,-1.3579455677709906,0.17454706198706296,0.03669190667467157,,False
min_freq_bra,2020–2022,2023,3680,1796,1.8565946221840544,2.0029688307349667,0.14637420855091232,-5.292304348641003,1.2783108537051018e-07,0.15134106979049475,,False
min_freq_bra,2020–2022,2024,3680,2447,1.8565946221840544,2.071959934560327,0.21536531237627266,-7.840677721047746,5.470052634234555e-15,0.20668737373075707,,False
min_freq_bra,2020–2022,2025,3680,2143,1.8565946221840544,1.8679751049930007,0.011380482808946324,-0.438671307421616,0.6609200344952577,0.01183990795279092,,False
min_freq_brwac,2020–2022,2023,3680,1796,1.4623395571129836,1.596196408685969,0.13385685157298544,-5.514742550772644,3.735747659617153e-08,0.15803805316074318,,False
min_freq_brwac,2020–2022,2024,3680,2447,1.4623395571129836,1.6857692965235174,0.2234297394105338,-9.139285637218846,9.131157131674737e-20,0.24170493447551147,,False
min_freq_brwac,2020–2022,2025,3680,2143,1.4623395571129836,1.504668226784881,0.04232866967189741,-1.855332252895295,0.06361266452143087,0.05018661520231983,,False
negation_ratio,2020–2022,2023,3680,1796,0.0018973115284676107,0.002150796213808463,0.00025348468534085243,-1.0610736528594185,0.2887640125200184,0.033106568960957976,,False
negation_ratio,2020–2022,2024,3680,2447,0.0018973115284676107,0.008546993865030677,0.006649682336563066,-9.588251069931452,2.063146116368983e-21,0.27300069273541877,,False
negation_ratio,2020–2022,2025,3680,2143,0.0018973115284676107,0.0031264069062062532,0.0012290953777386426,-3.0627926909677385,0.0022175432108377633,0.09197704965581172,,False
negative_words,2020–2022,2023,3680,1796,0.23367247485691808,0.23463432628062358,0.0009618514237055009,-0.3273876146605243,0.7433942070145192,0.00944503483759806,,False
negative_words,2020–2022,2024,3680,2447,0.23367247485691808,0.24169569325153373,0.008023218394615644,-3.074071692921559,0.002122314973657384,0.08003729814798899,,False
negative_words,2020–2022,2025,3680,2143,0.23367247485691808,0.23850040130657957,0.004827926449661485,-1.8677992804625057,0.06185031924268665,0.05007382840019961,,False
noun_ratio,2020–2022,2023,3680,1796,0.3713550285420358,0.3710068095768374,-0.0003482189651983769,0.2389248079520463,0.8111763754306358,-0.00675029842253105,,False
noun_ratio,2020–2022,2024,3680,2447,0.3713550285420358,0.3759466830265849,0.004591654484549124,-3.43938753438215,0.0005872934542781086,0.08879784645897872,,False
noun_ratio,2020–2022,2025,3680,2143,0.3713550285420358,0.38910603359776014,0.017751005055724356,-13.276148511249977,1.4440854143223288e-39,0.35288377595669657,,False
nouns_ambiguity,2020–2022,2023,3680,1796,3.3945074366838695,3.4201547995545654,0.02564736287069591,-1.3071340977221992,0.19125381629864388,0.03781485241713453,,False
nouns_ambiguity,2020–2022,2024,3680,2447,3.3945074366838695,3.4914322617586917,0.09692482507482225,-4.61258230848661,4.094092320609193e-06,0.12359062398517656,,False
nouns_ambiguity,2020–2022,2025,3680,2143,3.3945074366838695,3.4004242837144187,0.005916847030549288,-0.31837579524793996,0.750215189067175,0.008692662879095854,,False
or_ratio,2020–2022,2023,3680,1796,0.0012560621059279529,0.001276108017817372,2.0045911889419012e-05,-0.18595935215751772,0.8524874061810532,0.0053697011567144185,,False
or_ratio,2020–2022,2024,3680,2447,0.0012560621059279529,0.000877402862985685,-0.0003786592429422679,4.279981528824278,1.8994810703708773e-05,-0.10991442911911563,,False
or_ratio,2020–2022,2025,3680,2143,0.0012560621059279529,0.0009970135324311714,-0.00025904857349678154,2.9235661260145824,0.003475249158682116,-0.07716786491770586,,False
paragraphs,2020–2022,2023,3680,1796,1.0,1.0,0.0,,,,,False
paragraphs,2020–2022,2024,3680,2447,1.0,1.0,0.0,,,,,False
paragraphs,2020–2022,2025,3680,2143,1.0,1.0,0.0,,,,,False
personal_pronouns,2020–2022,2023,3680,1796,0.0010644994104165864,0.0009598329621380847,-0.00010466644827850167,1.0537223990512545,0.29207874451862476,-0.030099939494851187,,False
personal_pronouns,2020–2022,2024,3680,2447,0.0010644994104165864,0.0007617914110429447,-0.0003027079993736416,3.562895510778109,0.0003697605397844017,-0.09149222231829898,,False
personal_pronouns,2020–2022,2025,3680,2143,0.0010644994104165864,0.0004886840877274849,-0.0005758153226891015,7.425873807876644,1.284401211213692e-13,-0.19110215077235662,,False
positive_words,2020–2022,2023,3680,1796,0.4561996197954854,0.477667126948775,0.0214675071532896,-4.895303840593052,1.0262172027356883e-06,0.14157180637704883,,False
positive_words,2020–2022,2024,3680,2447,0.4561996197954854,0.46498772597137006,0.008788106175884658,-1.985742150017511,0.04712212579221157,0.05279337872399457,,False
positive_words,2020–2022,2025,3680,2143,0.4561996197954854,0.47865484367708816,0.02245522388160276,-5.483650246175372,4.3979040823206274e-08,0.1492464426659362,,False
pronoun_ratio,2020–2022,2023,3680,1796,0.04991142392251548,0.047857867483296214,-0.002053556439219263,2.980988712442922,0.0028928037424844864,-0.08594241059358045,,False
pronoun_ratio,2020–2022,2024,3680,2447,0.04991142392251548,0.048426396728016366,-0.0014850271944991111,1.8866002233402652,0.059285867874941195,-0.050851189883683943,,False
pronoun_ratio,2020–2022,2025,3680,2143,0.04991142392251548,0.03632628091460569,-0.013585143007909785,20.41621880061253,1.6142948445866947e-88,-0.5580853486200155,,False
ratio_function_to_content_words,2020–2022,2023,3680,1796,0.6934085897257709,0.6908839643652561,-0.0025246253605147873,0.8659724619807216,0.38656139120403743,-0.024741436902668574,,False
ratio_function_to_content_words,2020–2022,2024,3680,2447,0.6934085897257709,0.666723591002045,-0.026684998723725872,9.990168284862849,2.6909824490588206e-23,-0.25981530241411005,,False
ratio_function_to_content_words,2020–2022,2025,3680,2143,0.6934085897257709,0.6315099253383107,-0.06189866438746017,22.632687873303315,1.0206413612255471e-107,-0.6104263080104306,,False
sentences,2020–2022,2023,3680,1796,4.7163054484682085,4.560133630289532,-0.15617181817867642,3.0552042700287925,0.002265072708075769,-0.0872638657629431,,False
sentences,2020–2022,2024,3680,2447,4.7163054484682085,4.313701431492842,-0.4026040169753662,8.83322551040733,1.3461861725176218e-18,-0.2285827179797709,,False
sentences,2020–2022,2025,3680,2143,4.7163054484682085,4.758749416705553,0.04244396823734409,-0.9559150429659387,0.33915983692049834,0.025314744839719964,,False
sentences_per_paragraph,2020–2022,2023,3680,1796,4.7163054484682085,4.560133630289532,-0.15617181817867642,3.0552042700287925,0.002265072708075769,-0.0872638657629431,,False
sentences_per_paragraph,2020–2022,2024,3680,2447,4.7163054484682085,4.313701431492842,-0.4026040169753662,8.83322551040733,1.3461861725176218e-18,-0.2285827179797709,,False
sentences_per_paragraph,2020–2022,2025,3680,2143,4.7163054484682085,4.758749416705553,0.04244396823734409,-0.9559150429659387,0.33915983692049834,0.025314744839719964,,False
stem_ovl,2020–2022,2023,3680,1796,2.1574748157866876,2.0580614810690423,-0.09941333471764535,2.237054647605437,0.025341167980054043,-0.0637238714235142,,False
stem_ovl,2020–2022,2024,3680,2447,2.1574748157866876,1.8795829815950917,-0.2778918341915959,6.963857524764481,3.695759101548965e-12,-0.18011200814630957,,False
stem_ovl,2020–2022,2025,3680,2143,2.1574748157866876,1.498638273448437,-0.6588365423382507,17.85462334998684,2.3455082681723776e-69,-0.46613397508315085,,False
syllables_per_content_word,2020–2022,2023,3680,1796,3.3529328314885167,3.3665282349665926,0.013595403478075863,-1.8872767957421404,0.05920764171628149,0.05473726542332926,,False
syllables_per_content_word,2020–2022,2024,3680,2447,3.3529328314885167,3.3761398977505115,0.023207066261994758,-2.8831071993181485,0.003958594208619115,0.07772548956493633,,False
syllables_per_content_word,2020–2022,2025,3680,2143,3.3529328314885167,3.46019332244517,0.10726049095665324,-14.608416358310333,4.183338745648063e-47,0.40518708101899903,,False
tmp_neg_conn_ratio,2020–2022,2023,3680,1796,6.1218094497142345e-06,1.793986636971047e-05,1.1818056919996234e-05,-0.9975736726593959,0.3185960174125773,0.03169056215648507,,False
tmp_neg_conn_ratio,2020–2022,2024,3680,2447,6.1218094497142345e-06,3.5869120654396727e-06,-2.534897384274562e-06,0.4906064989053587,0.6237228589569477,-0.012489122878880208,,False
tmp_neg_conn_ratio,2020–2022,2025,3680,2143,6.1218094497142345e-06,6.173588427438171e-06,5.177897772393656e-08,-0.008857870249295434,0.9929329052786898,0.0002382051795030073,,False
tmp_pos_conn_ratio,2020–2022,2023,3680,1796,0.0052047732630727235,0.004816141425389755,-0.0003886318376829685,1.9429045907827103,0.05210578980528503,-0.0558405398462707,,False
tmp_pos_conn_ratio,2020–2022,2024,3680,2447,0.0052047732630727235,0.004168744376278119,-0.0010360288867946044,5.887710826207798,4.149581745436504e-09,-0.15263865254145656,,False
tmp_pos_conn_ratio,2020–2022,2025,3680,2143,0.0052047732630727235,0.003680835277648157,-0.0015239379854245665,8.845752259332112,1.2346543058323998e-18,-0.23513155752464654,,False
ttr,2020–2022,2023,3680,1796,0.7259902922367061,0.723411258351893,-0.0025790338848130645,1.6268702468124014,0.10385216753615008,-0.046729010171196975,,False
ttr,2020–2022,2024,3680,2447,0.7259902922367061,0.7397949652351739,0.01380467299846777,-7.763543417167429,1.0321730876923169e-14,0.20846841040169978,,False
ttr,2020–2022,2025,3680,2143,0.7259902922367061,0.7450932757816147,0.01910298354490858,-12.310299968310451,2.9708657911706182e-34,0.3364283111389306,,False
verbs,2020–2022,2023,3680,1796,0.13038790553340546,0.13224107461024498,0.0018531690768395226,-1.9366422286967224,0.05286662422709255,0.055541395281789474,,False
verbs,2020–2022,2024,3680,2447,0.13038790553340546,0.1310571288343558,0.0006692233009503445,-0.7911843626453479,0.428870692752242,0.020498858624100086,,False
verbs,2020–2022,2025,3680,2143,0.13038790553340546,0.12531006532897807,-0.005077840204427392,6.063210196429385,1.4317453921189088e-09,-0.1614714153643642,,False
verbs_ambiguity,2020–2022,2023,3680,1796,8.42557669220056,7.995164626948775,-0.4304120652517849,6.856687217963192,8.10347564294316e-12,-0.1920752266898812,,False
verbs_ambiguity,2020–2022,2024,3680,2447,8.42557669220056,7.397884932515337,-1.0276917596852222,17.51063077705699,6.813938433111088e-67,-0.4513315631327389,,False
verbs_ambiguity,2020–2022,2025,3680,2143,8.42557669220056,7.19623781614559,-1.2293388760549693,21.029029832846323,2.8642574320348527e-94,-0.5569736703855193,,False
words,2020–2022,2023,3680,1796,122.75388518704216,114.32015590200446,-8.4337292850377,6.728138040028784,1.9686252388151707e-11,-0.19024120162787092,,False
words,2020–2022,2024,3680,2447,122.75388518704216,107.04130879345604,-15.712576393586119,13.917121213882384,2.5563448728058022e-43,-0.3583719337177946,,False
words,2020–2022,2025,3680,2143,122.75388518704216,114.71115258982735,-8.042732597214808,7.355148688840369,2.194471255911194e-13,-0.193175680771883,,False
words_per_sentence,2020–2022,2023,3680,1796,27.172420076772646,26.149586859688192,-1.0228332170844538,4.722906159340176,2.3987026570161082e-06,-0.13085191753232026,,False
words_per_sentence,2020–2022,2024,3680,2447,27.172420076772646,25.169763701431492,-2.0026563753411537,9.603987886421484,1.1229614946846618e-21,-0.2472152214087322,,False
words_per_sentence,2020–2022,2025,3680,2143,27.172420076772646,24.54147490433971,-2.6309451724329342,14.09144791506524,2.3303027627015503e-44,-0.3619416170966768,,False
yngve,2020–2022,2023,3680,1796,3.0107346699251463,2.9783186080178172,-0.03241606190732904,2.724840417588672,0.006464507892287155,-0.0783427341270629,,False
yngve,2020–2022,2024,3680,2447,3.0107346699251463,2.960277525562372,-0.050457144362774375,4.395747665210531,1.1272836278959766e-05,-0.11573242518668712,,False
yngve,2020–2022,2025,3680,2143,3.0107346699251463,2.9817073961735887,-0.02902727375155756,2.759425306262182,0.005811813530535032,-0.07383443767829091,,False
